1400_1.png,31.03457689,0.975484133,30.93977213,0.955130756,0.094804764,2.555905819,TRUE,TRUE,FALSE,FALSE,FALSE,TRUE
1400_10.png,30.67755938,0.954927921,26.02598906,0.905374765,4.65157032,0.167707124,TRUE,,,,,
1400_2.png,30.90873003,0.97399658,30.39764166,0.952844858,0.511088371,,,,,,,
1400_3.png,30.88365793,0.972794056,30.04072428,0.948605239,0.842933655,,,,,,,
1400_4.png,31.15641832,0.97140193,29.2933774,0.943762958,1.863040924,,,,,,,
1400_5.png,31.28548145,0.969772458,28.73814583,0.938075185,2.547335625,,,,,,,
1400_6.png,31.25008106,0.966587722,28.2640624,0.93334192,2.986018658,,,,,,,
1400_7.png,31.07826233,0.962991655,27.65998363,0.925739288,3.418278694,,,,,,,
1400_8.png,31.22965097,0.961528063,27.13324547,0.919141769,4.096405506,,,,,,,
1400_9.png,31.15965128,0.958251357,26.61206961,0.912449718,4.547581673,,,,,,,
1401_1.png,34.30771351,0.980143547,33.26816797,0.964185596,1.039545536,2.856332064,TRUE,TRUE,FALSE,FALSE,FALSE,TRUE
1401_10.png,32.51797199,0.971885204,28.07991982,0.938554764,4.438052177,0.13252634,TRUE,,,,,
1401_2.png,34.20558214,0.979768217,33.05985212,0.961327255,1.145730019,,,,,,,
1401_3.png,33.93811941,0.978777528,32.29064465,0.957402587,1.647474766,,,,,,,
1401_4.png,33.7164402,0.977519214,31.47470236,0.95376575,2.241737843,,,,,,,
1401_5.png,33.49036694,0.976622283,30.80732346,0.951468587,2.68304348,,,,,,,
1401_6.png,33.04257393,0.975100219,30.17469645,0.949506938,2.867877483,,,,,,,
1401_7.png,33.36397171,0.974673927,29.3358016,0.945825279,4.028170109,,,,,,,
1401_8.png,33.19289446,0.974360108,28.83527517,0.943464637,4.357619286,,,,,,,
1401_9.png,32.46886492,0.97231406,28.35479498,0.941079319,4.114069939,,,,,,,
1402_1.png,40.29079914,0.976053178,36.29275084,0.959230602,3.998048306,2.980200052,TRUE,TRUE,FALSE,FALSE,FALSE,TRUE
1402_10.png,35.30395031,0.959695816,32.89871454,0.925511956,2.405235767,0.080882081,TRUE,,,,,
1402_2.png,39.5624876,0.974517465,35.43949366,0.955794692,4.122993946,,,,,,,
1402_3.png,38.75178337,0.972969413,35.00806332,0.952401042,3.743720055,,,,,,,
1402_4.png,38.19201469,0.971955776,34.70639467,0.948778331,3.485620022,,,,,,,
1402_5.png,37.4207902,0.970395744,34.34546709,0.94588387,3.075323105,,,,,,,
1402_6.png,36.70339584,0.96846509,34.13294554,0.942079008,2.570450306,,,,,,,
1402_7.png,36.15407228,0.966886044,33.87973309,0.938640833,2.274339199,,,,,,,
1402_8.png,35.80676079,0.964657187,33.64480495,0.935898721,2.161955833,,,,,,,
1402_9.png,35.27119875,0.962641835,33.30688477,0.9317981,1.964313984,,,,,,,
1403_1.png,40.72952747,0.985147655,36.25200272,0.974650264,4.477524757,5.757119417,FALSE,FALSE,FALSE,FALSE,TRUE,FALSE
1403_10.png,39.02627945,0.971261203,33.36658239,0.950006366,5.659697056,0.0527834,FALSE,,,,,
1403_2.png,40.62294483,0.983344913,35.25162935,0.972667456,5.371315479,,,,,,,
1403_3.png,40.50736904,0.983777523,34.77558851,0.971996784,5.731780529,,,,,,,
1403_4.png,40.40600777,0.981661916,34.52977657,0.968646526,5.876231194,,,,,,,
1403_5.png,40.40118217,0.979295015,34.1617465,0.966901302,6.239435673,,,,,,,
1403_6.png,40.33517838,0.977864742,34.00892496,0.964502513,6.326253414,,,,,,,
1403_7.png,40.03855228,0.97489661,34.10648584,0.960882664,5.932066441,,,,,,,
1403_8.png,39.83034372,0.974723756,33.77498388,0.956955135,6.05535984,,,,,,,
1403_9.png,39.50553417,0.972772956,33.60400438,0.953861892,5.901529789,,,,,,,
1404_1.png,36.49487972,0.981127381,33.0287385,0.962680995,3.466141224,3.658846378,FALSE,FALSE,FALSE,FALSE,TRUE,FALSE
1404_10.png,33.32590818,0.958546519,29.27083254,0.918284655,4.055075645,0.019945049,FALSE,,,,,
1404_2.png,36.15781069,0.980139732,32.53118753,0.957199752,3.626623154,,,,,,,
1404_3.png,35.9091115,0.977869272,32.02233315,0.952836275,3.886778355,,,,,,,
1404_4.png,35.46118021,0.975608051,31.65534496,0.945817113,3.805835247,,,,,,,
1404_5.png,35.02085924,0.971651912,31.61786079,0.943303764,3.402998447,,,,,,,
1404_6.png,34.76608992,0.970149279,31.1593461,0.93555975,3.606743813,,,,,,,
1404_7.png,34.28572178,0.967293739,30.67823648,0.932981968,3.607485294,,,,,,,
1404_8.png,33.87933969,0.96348083,30.29140949,0.928091407,3.587930202,,,,,,,
1404_9.png,33.47895384,0.9611637,29.93610144,0.924079657,3.542852402,,,,,,,
1403_1.png,34.18664455,0.985277534,29.30355787,0.96500051,4.883086681,5.028345823,FALSE,FALSE,FALSE,FALSE,TRUE,FALSE
1405_10.png,30.91157436,0.968229771,26.13196611,0.932001293,4.77960825,0.040843719,FALSE,,,,,
1405_2.png,33.88225555,0.983804882,28.70699167,0.961521804,5.175263882,,,,,,,
1405_3.png,33.51232529,0.982468069,28.03057432,0.957522094,5.481750965,,,,,,,
1405_4.png,33.15675497,0.981119096,27.4571538,0.952908874,5.699601173,,,,,,,
1405_5.png,32.57453442,0.979185998,27.16439724,0.949648082,5.410137177,,,,,,,
1405_6.png,32.01969624,0.977280259,26.9581461,0.946065784,5.06155014,,,,,,,
1405_7.png,31.34097099,0.974534392,26.5903616,0.941570938,4.750609398,,,,,,,
1405_8.png,31.04542732,0.972581983,26.49520159,0.938153148,4.550225735,,,,,,,
1405_9.png,30.99136591,0.970331848,26.49974108,0.934444129,4.491624832,,,,,,,
1406_1.png,35.34637928,0.985340357,31.01346254,0.971394062,4.332916737,4.308759689,FALSE,FALSE,FALSE,FALSE,TRUE,FALSE
1406_10.png,31.76123142,0.966440916,27.58896589,0.940745354,4.17226553,0.022667009,FALSE,,,,,
1406_2.png,34.94900227,0.983117938,30.42275429,0.968058527,4.526247978,,,,,,,
1406_3.png,34.43425655,0.981609523,29.90350962,0.96515131,4.530746937,,,,,,,
1406_4.png,34.01923656,0.980169535,29.35865641,0.962546229,4.660580158,,,,,,,
1406_5.png,33.50321293,0.978144348,29.0598464,0.960317254,4.443366528,,,,,,,
1406_6.png,33.21289063,0.976084173,28.96249294,0.957467437,4.250397682,,,,,,,
1406_7.png,32.65266657,0.973465145,28.62566948,0.954051971,4.026997089,,,,,,,
1406_8.png,32.25785017,0.971574247,28.25600386,0.950471878,4.001846313,,,,,,,
1406_9.png,32.05305576,0.96991843,27.91082382,0.944508553,4.142231941,,,,,,,
1407_1.png,36.71995878,0.988317847,32.10948229,0.981456876,4.610476494,4.697153807,FALSE,FALSE,FALSE,FALSE,TRUE,FALSE
1407_10.png,33.35046053,0.980730414,28.17804813,0.962188244,5.172412395,0.031872913,FALSE,,,,,
1407_2.png,36.2168479,0.987656951,31.5962553,0.979659736,4.620592594,,,,,,,
1407_3.png,35.36710978,0.986685634,31.07228994,0.977680802,4.294819832,,,,,,,
1407_4.png,35.42896271,0.985854149,30.53496599,0.975509584,4.893996716,,,,,,,
1407_5.png,34.78683233,0.984640002,30.35750389,0.973730445,4.429328442,,,,,,,
1407_6.png,34.3675065,0.983544469,29.95780945,0.971646011,4.409697056,,,,,,,
1407_7.png,34.27045822,0.983250976,29.58671331,0.969657838,4.683744907,,,,,,,
1407_8.png,33.8297677,0.982279718,29.2279458,0.967566848,4.601821899,,,,,,,
1407_9.png,33.81305218,0.981295824,28.55840445,0.964503407,5.254647732,,,,,,,
1408_1.png,35.22788286,0.988323569,32.96256065,0.979780078,2.265322208,2.484792233,TRUE,FALSE,TRUE,FALSE,FALSE,FALSE
1408_10.png,31.81162596,0.977293193,28.82171154,0.955741525,2.989914417,0.036326212,FALSE,,,,,
1408_2.png,34.83175039,0.987294555,32.68357515,0.978393257,2.14817524,,,,,,,
1408_3.png,34.40941334,0.986205578,32.36747265,0.976157129,2.041940689,,,,,,,
1408_4.png,34.05973196,0.985096455,32.01541424,0.974207282,2.044317722,,,,,,,
1408_5.png,33.93783569,0.984149337,31.60508394,0.971334696,2.332751751,,,,,,,
1408_6.png,33.61109972,0.982957721,31.04431868,0.968396068,2.566781044,,,,,,,
1408_7.png,33.25553894,0.981652439,30.43602943,0.965255916,2.819509506,,,,,,,
1408_8.png,32.57127762,0.980274618,29.83769417,0.962095141,2.73358345,,,,,,,
1408_9.png,32.08239079,0.978756666,29.17676449,0.957885921,2.905626297,,,,,,,
1409_1.png,34.35057163,0.979755998,31.13297701,0.967623174,3.217594624,3.067345858,FALSE,FALSE,FALSE,FALSE,TRUE,FALSE
1409_10.png,29.95321274,0.954663157,27.21954584,0.921830058,2.733666897,0.01849775,FALSE,,,,,
1409_2.png,33.6299181,0.976731777,30.43898582,0.961929798,3.190932274,,,,,,,
1409_3.png,32.94760942,0.973655641,29.71101046,0.95547843,3.236598969,,,,,,,
1409_4.png,32.53237247,0.971078336,29.32013273,0.950217009,3.212239742,,,,,,,
1409_5.png,31.82316542,0.96765697,28.59848499,0.943624735,3.224680424,,,,,,,
1409_6.png,31.35450363,0.965294123,28.2160759,0.938609302,3.138427734,,,,,,,
1409_7.png,30.69332123,0.961395144,27.81429529,0.934424877,2.879025936,,,,,,,
1409_8.png,30.41195869,0.958654106,27.50782013,0.930053115,2.904138565,,,,,,,
1409_9.png,30.27517796,0.956875801,27.33902454,0.925830841,2.936153412,,,,,,,
1403_1.png,32.99201012,0.98936379,32.68839359,0.985246658,0.303616524,0.417323112,TRUE,FALSE,TRUE,FALSE,FALSE,FALSE
1410_10.png,29.7118187,0.983554006,30.32075167,0.976675391,0.608932972,0.027981599,FALSE,,,,,
1410_2.png,32.55161524,0.989028454,31.91027641,0.983583629,0.641338825,,,,,,,
1410_3.png,31.96846008,0.9881984,31.49290323,0.982259452,0.47555685,,,,,,,
1410_4.png,31.52082205,0.987778842,31.33320332,0.981202781,0.187618732,,,,,,,
1410_5.png,31.08486652,0.987112463,30.77542543,0.980425358,0.30944109,,,,,,,
1410_6.png,30.98156929,0.986361742,30.65674782,0.980057895,0.324821472,,,,,,,
1410_7.png,30.85719585,0.98593688,30.68674564,0.979226291,0.170450211,,,,,,,
1410_8.png,30.20419359,0.985201359,30.32310247,0.978176355,0.118908882,,,,,,,
1410_9.png,30.74715614,0.984927893,29.71461058,0.976268768,1.032545567,,,,,,,
1411_1.png,37.40513086,0.973419547,33.25986147,0.943983197,4.145269394,3.891056538,FALSE,FALSE,FALSE,FALSE,TRUE,FALSE
1411_10.png,34.56018686,0.955811024,30.5510354,0.8950454,4.009151459,0.028315954,FALSE,,,,,
1411_2.png,36.87731266,0.968561828,32.92517424,0.936388493,3.952138424,,,,,,,
1411_3.png,36.9629097,0.97009325,32.72223949,0.934843719,4.240670204,,,,,,,
1411_4.png,36.50072813,0.9651196,32.45161295,0.929993987,4.049115181,,,,,,,
1411_5.png,36.03186131,0.966285586,32.31956244,0.927480102,3.71229887,,,,,,,
1411_6.png,35.63776016,0.963506877,32.21497536,0.924190521,3.422784805,,,,,,,
1411_7.png,35.33660412,0.960675359,31.88747406,0.918093204,3.449130058,,,,,,,
1411_8.png,35.47935963,0.96060437,31.38276577,0.910906196,4.096593857,,,,,,,
1411_9.png,34.78351831,0.958237529,30.95010519,0.904233456,3.833413124,,,,,,,
1412_1.png,35.66931963,0.986190498,29.49506283,0.969613731,6.174256802,6.364967108,FALSE,FALSE,FALSE,FALSE,TRUE,FALSE
1412_10.png,30.35540819,0.970063925,24.11319733,0.926552236,6.242210865,0.022794259,FALSE,,,,,
1412_2.png,35.18692255,0.983617008,28.99846077,0.966353118,6.188461781,,,,,,,
1412_3.png,34.40864325,0.983653426,28.15877676,0.961367726,6.249866486,,,,,,,
1412_4.png,33.86650562,0.981648564,27.17876911,0.954575717,6.687736511,,,,,,,
1412_5.png,32.99030066,0.979581714,26.16572857,0.94838798,6.824572086,,,,,,,
1412_6.png,32.58015394,0.97774899,26.1534667,0.946861923,6.426687241,,,,,,,
1412_7.png,31.74269915,0.976320446,25.31320572,0.940637469,6.429493427,,,,,,,
1412_8.png,31.09849691,0.973932266,24.85126019,0.935885072,6.247236729,,,,,,,
1412_9.png,30.80647707,0.972208977,24.62732792,0.932532728,6.179149151,,,,,,,
1413_1.png,34.37539339,0.986339986,27.36777306,0.967903614,7.007620335,6.189351082,FALSE,FALSE,FALSE,TRUE,FALSE,TRUE
1413_10.png,31.49467468,0.968733072,27.940979,0.939664066,3.553695679,0.158854231,TRUE,,,,,
1413_2.png,33.67960215,0.984876275,26.79350615,0.964326501,6.886096001,,,,,,,
1413_3.png,33.69341612,0.984129369,25.99834681,0.960410774,7.695069313,,,,,,,
1413_4.png,33.93690586,0.981161952,26.06377363,0.957852602,7.873132229,,,,,,,
1413_5.png,33.75506639,0.980721653,26.59487486,0.956410289,7.160191536,,,,,,,
1413_6.png,33.37015867,0.978389382,26.21966124,0.953563094,7.150497437,,,,,,,
1413_7.png,32.81651497,0.974869132,26.8530035,0.950949132,5.963511467,,,,,,,
1413_8.png,32.22845793,0.974983156,27.44467258,0.946777523,4.783785343,,,,,,,
1413_9.png,31.83377028,0.972184896,28.0138588,0.942701042,3.81991148,,,,,,,
1414_1.png,28.66981745,0.9844594,26.76586151,0.970257461,1.903955936,2.88980484,TRUE,TRUE,FALSE,FALSE,FALSE,TRUE
1414_10.png,26.19772673,0.972387671,22.87521362,0.942612648,3.322513103,0.090219843,TRUE,,,,,
1414_2.png,28.68153095,0.984081745,26.91984415,0.969032943,1.761686802,,,,,,,
1414_3.png,28.34510803,0.982796788,26.62489891,0.966755569,1.720209122,,,,,,,
1414_4.png,27.95145273,0.981469154,25.52414417,0.96351099,2.427308559,,,,,,,
1414_5.png,27.92841911,0.980763376,25.15373707,0.960093021,2.774682045,,,,,,,
1414_6.png,27.7650094,0.978900433,24.37424183,0.954524875,3.390767574,,,,,,,
1414_7.png,27.5665164,0.977269173,23.83212328,0.95064348,3.73439312,,,,,,,
1414_8.png,27.01996326,0.977103114,23.37608814,0.948414207,3.643875122,,,,,,,
1414_9.png,27.15064526,0.976230025,22.93198824,0.945381284,4.218657017,,,,,,,
1415_1.png,37.54988909,0.992565572,31.98872805,0.980337799,5.561161041,3.759882212,FALSE,FALSE,FALSE,TRUE,FALSE,TRUE
1415_10.png,30.77969313,0.984698653,29.4921279,0.968031168,1.287565231,0.168916234,TRUE,,,,,
1415_2.png,36.72620058,0.992058933,31.20473862,0.978206038,5.521461964,,,,,,,
1415_3.png,36.58393621,0.991720378,31.04200363,0.977340639,5.541932583,,,,,,,
1415_4.png,35.78143835,0.991184831,30.74999571,0.976373672,5.031442642,,,,,,,
1415_5.png,34.58337307,0.990250587,30.52630901,0.974672079,4.057064056,,,,,,,
1415_6.png,34.14287329,0.989443898,30.42985916,0.973431766,3.713014126,,,,,,,
1415_7.png,33.18501949,0.988253474,30.13953924,0.971439004,3.045480251,,,,,,,
1415_8.png,32.33345032,0.987200916,29.68750954,0.969864547,2.645940781,,,,,,,
1415_9.png,30.78190327,0.985426128,29.58814383,0.968833923,1.193759441,,,,,,,
1416_1.png,32.34199524,0.9852373,31.32113695,0.972723842,1.020858288,2.317353964,TRUE,FALSE,TRUE,FALSE,FALSE,FALSE
1416_10.png,29.94641542,0.969516635,26.63339138,0.927707672,3.313024044,0.07742708,FALSE,,,,,
1416_2.png,32.17445612,0.98352623,30.83487272,0.967940986,1.339583397,,,,,,,
1416_3.png,31.8859005,0.981757641,30.15874624,0.963780105,1.727154255,,,,,,,
1416_4.png,31.36862278,0.979542971,29.42459822,0.958518505,1.944024563,,,,,,,
1416_5.png,31.40354156,0.977814317,28.81297827,0.953312814,2.590563297,,,,,,,
1416_6.png,31.01745129,0.977173686,27.97969103,0.94664669,3.037760258,,,,,,,
1416_7.png,30.77516079,0.975061357,27.91742802,0.943187237,2.857732773,,,,,,,
1416_8.png,30.06218672,0.972867846,27.12328911,0.936404407,2.93889761,,,,,,,
1416_9.png,29.39060688,0.970335662,26.98666573,0.931553841,2.403941154,,,,,,,
1417_1.png,29.73819017,0.98668921,26.04410648,0.976789474,3.694083691,4.0346632,FALSE,FALSE,FALSE,FALSE,TRUE,FALSE
1417_10.png,27.72541523,0.976766765,22.81097889,0.954189777,4.91443634,0.055285918,FALSE,,,,,
1417_2.png,29.13115978,0.985628009,25.16500235,0.974472165,3.966157436,,,,,,,
1417_3.png,28.58896494,0.984518707,24.69197273,0.972723246,3.896992207,,,,,,,
1417_4.png,28.56792212,0.983931661,24.39277411,0.970767498,4.17514801,,,,,,,
1417_5.png,27.64118433,0.981557012,24.1373682,0.968596101,3.503816128,,,,,,,
1417_6.png,26.8983984,0.97931242,23.92166615,0.966163158,2.976732254,,,,,,,
1417_7.png,27.89338112,0.980512619,23.51305485,0.962791324,4.380326271,,,,,,,
1417_8.png,28.04475307,0.979713678,23.64590168,0.961114764,4.398851395,,,,,,,
1417_9.png,27.65218258,0.978051662,23.21209431,0.957490087,4.440088272,,,,,,,
1418_1.png,35.0270009,0.989513814,32.86780119,0.982682943,2.159199715,3.076824188,FALSE,FALSE,FALSE,FALSE,TRUE,FALSE
1418_10.png,32.33340263,0.982735574,29.18288708,0.969429255,3.150515556,0.062335347,FALSE,,,,,
1418_2.png,34.41529274,0.988816202,32.3235178,0.981453776,2.09177494,,,,,,,
1418_3.png,34.17929411,0.988324642,31.62693977,0.980102062,2.552354336,,,,,,,
1418_4.png,34.02169466,0.98790741,31.0590744,0.97902,2.962620258,,,,,,,
1418_5.png,33.81752729,0.9870013,30.50442457,0.977206707,3.313102722,,,,,,,
1418_6.png,33.58770847,0.986452579,30.15033722,0.975203514,3.437371254,,,,,,,
1418_7.png,33.57821703,0.985791683,29.94255066,0.97382164,3.63566637,,,,,,,
1418_8.png,33.42569113,0.98480165,29.56550598,0.97194469,3.860185146,,,,,,,
1418_9.png,32.9115963,0.983841777,29.30614471,0.97067517,3.605451584,,,,,,,
1419_1.png,36.22267962,0.988193214,32.84320116,0.978534579,3.379478455,3.005373001,FALSE,FALSE,FALSE,FALSE,TRUE,FALSE
1419_10.png,32.63195992,0.979837179,29.85612154,0.963399589,2.775838375,0.020187943,FALSE,,,,,
1419_2.png,35.61522961,0.987162471,32.3350215,0.977144718,3.280208111,,,,,,,
1419_3.png,35.06078005,0.98654139,31.9914484,0.975884318,3.069331646,,,,,,,
1419_4.png,34.52590227,0.985778511,31.64106131,0.9746387,2.884840965,,,,,,,
1419_5.png,34.33201551,0.984593093,31.3057065,0.972474277,3.026309013,,,,,,,
1419_6.png,33.87369633,0.984124184,30.91278076,0.970755935,2.960915565,,,,,,,
1419_7.png,33.55835676,0.983262897,30.76584339,0.969645202,2.792513371,,,,,,,
1419_8.png,33.13417912,0.981798053,30.30222416,0.967547297,2.831954956,,,,,,,
1419_9.png,33.02317142,0.981168449,29.97083187,0.965309858,3.052339554,,,,,,,
1420_1.png,36.89916134,0.98849982,29.67296839,0.971518993,7.226192951,7.434401512,FALSE,FALSE,FALSE,FALSE,TRUE,FALSE
1420_10.png,33.16030502,0.977407813,25.5836916,0.937478304,7.576613426,0.032777721,FALSE,,,,,
1420_2.png,36.26311541,0.987741351,29.27494287,0.968939006,6.988172531,,,,,,,
1420_3.png,35.53997755,0.986610293,28.60404491,0.965479374,6.935932636,,,,,,,
1420_4.png,35.80071449,0.985647678,28.02825451,0.961761951,7.772459984,,,,,,,
1420_5.png,35.42759418,0.984029949,27.49109507,0.957003832,7.936499119,,,,,,,
1420_6.png,34.85720396,0.983207464,27.20585823,0.953958154,7.65134573,,,,,,,
1420_7.png,34.25716162,0.981726348,26.67311668,0.949644089,7.584044933,,,,,,,
1420_8.png,33.61846685,0.980041862,26.30097628,0.944349468,7.317490578,,,,,,,
1420_9.png,33.23239565,0.978893757,25.87713242,0.940208316,7.355263233,,,,,,,
1421_1.png,34.87452269,0.983976722,32.49079227,0.970180392,2.383730412,2.570835352,TRUE,FALSE,TRUE,FALSE,FALSE,FALSE
1421_10.png,30.79180479,0.969716072,27.75239706,0.944023311,3.03940773,0.027423577,FALSE,,,,,
1421_2.png,33.91000271,0.982270241,31.51334763,0.967410207,2.396655083,,,,,,,
1421_3.png,33.34770203,0.981204927,31.00340605,0.965182424,2.344295979,,,,,,,
1421_4.png,32.96975136,0.979527891,30.64207792,0.962787628,2.327673435,,,,,,,
1421_5.png,32.4292016,0.977497458,30.12753487,0.959543109,2.301666737,,,,,,,
1421_6.png,32.2157836,0.976712644,29.68089104,0.956710458,2.534892559,,,,,,,
1421_7.png,31.74980879,0.974291503,29.15373802,0.953126431,2.596070766,,,,,,,
1421_8.png,31.67751551,0.97375077,28.80607367,0.95063442,2.871441841,,,,,,,
1421_9.png,31.22673988,0.971331298,28.31422091,0.946694255,2.912518978,,,,,,,
1422_1.png,40.74430943,0.986423492,36.238451,0.976306617,4.505858421,4.097853184,FALSE,FALSE,FALSE,FALSE,TRUE,FALSE
1422_10.png,37.85367012,0.980198085,33.54544401,0.962001026,4.308226109,0.026018102,FALSE,,,,,
1422_2.png,40.29417515,0.987072587,35.95878363,0.975402534,4.335391521,,,,,,,
1422_3.png,39.62638617,0.986954391,35.61569691,0.974341571,4.010689259,,,,,,,
1422_4.png,39.46733952,0.986320674,35.30410528,0.97236532,4.163234234,,,,,,,
1422_5.png,39.00277376,0.984199286,34.89448547,0.97016114,4.108288288,,,,,,,
1422_6.png,38.5464859,0.984863162,34.64440823,0.968951225,3.902077675,,,,,,,
1422_7.png,38.5691452,0.983797729,34.37008381,0.967432857,4.199061394,,,,,,,
1422_8.png,37.94641972,0.982453346,34.21143055,0.966023922,3.734989166,,,,,,,
1422_9.png,37.53601789,0.982153296,33.82530212,0.964633346,3.710715771,,,,,,,
1423_1.png,38.12317848,0.984173238,34.81270552,0.968019843,3.310472965,3.673552752,FALSE,FALSE,FALSE,TRUE,FALSE,TRUE
1423_10.png,35.25248528,0.96661222,30.40675402,0.932483315,4.845731258,0.095455788,TRUE,,,,,
1423_2.png,37.44580269,0.982310772,34.46560621,0.963295579,2.980196476,,,,,,,
1423_3.png,36.12138033,0.98080796,33.79901409,0.960031033,2.322366238,,,,,,,
1423_4.png,35.42161942,0.978776097,32.79790401,0.955948114,2.623715401,,,,,,,
1423_5.png,34.77822542,0.97772491,31.81455851,0.951369762,2.963666916,,,,,,,
1423_6.png,35.33695221,0.975787282,31.40712738,0.947359979,3.929824829,,,,,,,
1423_7.png,35.81094027,0.97370404,31.09691381,0.94578886,4.714026451,,,,,,,
1423_8.png,35.63352823,0.970204711,30.80118895,0.941601932,4.832339287,,,,,,,
1423_9.png,35.06420135,0.968196869,30.85101366,0.937862575,4.213187695,,,,,,,
1424_1.png,38.48530769,0.982372761,31.97554111,0.961213112,6.509766579,7.146510363,FALSE,FALSE,FALSE,FALSE,TRUE,FALSE
1424_10.png,35.18680096,0.96714586,27.48555899,0.924480319,7.70124197,0.051295991,FALSE,,,,,
1424_2.png,37.31011868,0.981804788,31.12014771,0.957124889,6.18997097,,,,,,,
1424_3.png,37.11649895,0.980637252,30.36627531,0.953627288,6.750223637,,,,,,,
1424_4.png,37.12073326,0.978734374,29.41355228,0.94832629,7.707180977,,,,,,,
1424_5.png,36.15791559,0.976672769,28.87343407,0.944158256,7.284481525,,,,,,,
1424_6.png,36.04807138,0.974883556,28.83169651,0.940734029,7.216374874,,,,,,,
1424_7.png,35.76449394,0.973187149,28.58086109,0.937482357,7.183632851,,,,,,,
1424_8.png,35.46797752,0.970922828,28.15747976,0.933048606,7.310497761,,,,,,,
1424_9.png,35.43545723,0.968770206,27.82372475,0.928639412,7.611732483,,,,,,,
1425_1.png,35.51612854,0.987481356,32.0313096,0.971675038,3.484818935,2.849836111,TRUE,FALSE,TRUE,FALSE,FALSE,FALSE
1425_10.png,31.52603388,0.973500907,29.00438309,0.950012088,2.521650791,0.031761685,FALSE,,,,,
1425_2.png,34.94862556,0.986264348,31.68608427,0.96873045,3.262541294,,,,,,,
1425_3.png,33.93792629,0.984759271,31.30281687,0.966402709,2.635109425,,,,,,,
1425_4.png,33.62145901,0.983306766,30.70110559,0.962971866,2.920353413,,,,,,,
1425_5.png,33.12868834,0.982432306,30.24601698,0.959721029,2.882671356,,,,,,,
1425_6.png,32.90703773,0.980662286,30.08550882,0.958533525,2.821528912,,,,,,,
1425_7.png,32.54814386,0.979345977,29.69580889,0.956457138,2.852334976,,,,,,,
1425_8.png,31.9258976,0.977062583,29.41291332,0.953588188,2.512984276,,,,,,,
1425_9.png,31.61558628,0.975222945,29.01121855,0.950875461,2.604367733,,,,,,,
1426_1.png,38.36619139,0.986569762,33.18186283,0.974142432,5.184328556,5.244604111,FALSE,FALSE,FALSE,FALSE,TRUE,FALSE
1426_10.png,34.1662693,0.973587155,28.45516205,0.941459835,5.711107254,0.025287907,FALSE,,,,,
1426_2.png,37.85841703,0.985609174,32.6743412,0.971150815,5.184075832,,,,,,,
1426_3.png,37.29332685,0.983813524,32.21014977,0.968340576,5.08317709,,,,,,,
1426_4.png,36.88885689,0.982524335,31.69060946,0.964289606,5.198247433,,,,,,,
1426_5.png,36.12412691,0.981187463,31.1960578,0.96122551,4.928069115,,,,,,,
1426_6.png,35.61678648,0.979729831,30.63069582,0.957795262,4.98609066,,,,,,,
1426_7.png,35.31238794,0.977920711,29.90285397,0.953535557,5.409533978,,,,,,,
1426_8.png,34.67018366,0.976965606,29.50293541,0.950677335,5.167248249,,,,,,,
1426_9.png,34.58853245,0.974891424,28.99436951,0.947320163,5.594162941,,,,,,,
1427_1.png,38.73595953,0.990590096,36.25015259,0.983233809,2.485806942,2.702558517,TRUE,FALSE,TRUE,FALSE,FALSE,FALSE
1427_10.png,38.34580421,0.988176227,35.04241705,0.979167342,3.303387165,0.041458853,FALSE,,,,,
1427_2.png,39.16200399,0.98976171,36.04815483,0.982876003,3.113849163,,,,,,,
1427_3.png,38.42741013,0.989566326,36.05214357,0.982659698,2.375266552,,,,,,,
1427_4.png,38.65166664,0.98951292,36.06622458,0.9822402,2.585442066,,,,,,,
1427_5.png,38.0449152,0.988803267,36.10628366,0.981839538,1.938631535,,,,,,,
1427_6.png,38.76384497,0.988973022,36.26971006,0.981360137,2.494134903,,,,,,,
1427_7.png,38.48250866,0.988600731,35.81300974,0.980472326,2.66949892,,,,,,,
1427_8.png,38.50579739,0.989491582,35.53393364,0.981071472,2.971863747,,,,,,,
1427_9.png,38.32211494,0.988794029,35.23441076,0.979690552,3.087704182,,,,,,,
1428_1.png,34.51830387,0.985106349,31.61994457,0.972848773,2.898359299,2.697056532,TRUE,FALSE,TRUE,FALSE,FALSE,FALSE
1428_10.png,30.56772947,0.968177199,27.86298752,0.935632467,2.704741955,0.012413277,FALSE,,,,,
1428_2.png,33.68436337,0.984003425,30.81498146,0.968953609,2.869381905,,,,,,,
1428_3.png,33.0581665,0.982549131,30.27344704,0.965877712,2.784719467,,,,,,,
1428_4.png,32.38625288,0.980675101,29.76262331,0.961987853,2.62362957,,,,,,,
1428_5.png,31.8555665,0.978614807,29.3505311,0.957247376,2.5050354,,,,,,,
1428_6.png,31.45568848,0.976446331,28.84217501,0.952166677,2.61351347,,,,,,,
1428_7.png,31.33662939,0.97446388,28.61359358,0.948507786,2.723035812,,,,,,,
1428_8.png,30.96196175,0.97228086,28.34645987,0.94484055,2.615501881,,,,,,,
1428_9.png,30.78365326,0.97069025,28.1510067,0.93923229,2.632646561,,,,,,,
1429_1.png,37.3147893,0.984801233,35.30816317,0.974175155,2.006626129,2.312390566,TRUE,FALSE,TRUE,FALSE,FALSE,FALSE
1429_10.png,33.81317139,0.964863002,31.01127148,0.942143798,2.80189991,0.032777524,FALSE,,,,,
1429_2.png,36.76018,0.982718647,34.7950983,0.971649349,1.965081692,,,,,,,
1429_3.png,36.3847661,0.980749726,34.41531181,0.969150543,1.969454288,,,,,,,
1429_4.png,35.89596987,0.979411304,33.90955925,0.965948582,1.986410618,,,,,,,
1429_5.png,35.59051514,0.977329731,33.29978704,0.963245571,2.290728092,,,,,,,
1429_6.png,35.101614,0.974271476,32.85431862,0.960161686,2.24729538,,,,,,,
1429_7.png,34.92368937,0.973266125,32.31564522,0.956104517,2.608044147,,,,,,,
1429_8.png,34.53823328,0.971552074,31.87676668,0.952077746,2.661466599,,,,,,,
1429_9.png,34.118402,0.968084693,31.5315032,0.947917104,2.586898804,,,,,,,
1430_1.png,36.72257185,0.985153913,31.22303009,0.960321605,5.499541759,6.178128242,FALSE,FALSE,FALSE,FALSE,TRUE,FALSE
1430_10.png,31.44896984,0.972788811,25.91976881,0.926545799,5.529201031,0.074325783,FALSE,,,,,
1430_2.png,36.18962526,0.983678818,30.53151846,0.957410276,5.658106804,,,,,,,
1430_3.png,34.85762358,0.983772159,29.45213079,0.953803718,5.405492783,,,,,,,
1430_4.png,34.46650743,0.982187212,28.83988619,0.948034644,5.626621246,,,,,,,
1430_5.png,34.94659185,0.981055617,28.58313799,0.944943845,6.363453865,,,,,,,
1430_6.png,34.99240398,0.980313778,28.05440664,0.940019846,6.937997341,,,,,,,
1430_7.png,35.05671263,0.978834987,27.83809423,0.937986553,7.218618393,,,,,,,
1430_8.png,34.17133093,0.976894617,26.88976526,0.933187962,7.281565666,,,,,,,
1430_9.png,32.81612396,0.974804759,26.55544043,0.930758178,6.260683537,,,,,,,
1431_1.png,35.51616669,0.980761766,32.50514269,0.960174263,3.011023998,3.603596687,FALSE,FALSE,FALSE,FALSE,TRUE,FALSE
1431_10.png,30.72635651,0.958774745,28.06657791,0.924642086,2.659778595,0.057534068,FALSE,,,,,
1431_2.png,35.36008835,0.979228854,31.96565151,0.956523061,3.394436836,,,,,,,
1431_3.png,34.85723019,0.976811111,31.54220581,0.954013348,3.315024376,,,,,,,
1431_4.png,34.64094639,0.975340128,30.77229977,0.949389577,3.868646622,,,,,,,
1431_5.png,33.92062664,0.973537326,30.07989645,0.945279121,3.84073019,,,,,,,
1431_6.png,33.86962652,0.971840858,29.45066214,0.94056356,4.418964386,,,,,,,
1431_7.png,33.53170395,0.970476389,29.09366608,0.936185539,4.438037872,,,,,,,
1431_8.png,32.52574205,0.966893554,28.74061346,0.932388663,3.785128593,,,,,,,
1431_9.png,31.66159868,0.962979496,28.35740328,0.92837429,3.304195404,,,,,,,
1432_1.png,34.74633455,0.978921175,32.9426384,0.960973918,1.803696156,4.305560589,FALSE,FALSE,FALSE,TRUE,FALSE,TRUE
1432_10.png,32.49408245,0.963241577,27.13806152,0.921830177,5.356020927,0.161417748,TRUE,,,,,
1432_2.png,34.48853493,0.977034926,32.28009701,0.956171215,2.20843792,,,,,,,
1432_3.png,34.2601037,0.975275457,31.36989594,0.950088918,2.890207767,,,,,,,
1432_4.png,34.21510696,0.974115491,30.80975056,0.946754813,3.405356407,,,,,,,
1432_5.png,34.3068552,0.973515451,30.01444817,0.942281127,4.292407036,,,,,,,
1432_6.png,34.8354888,0.972135544,29.3061614,0.937727213,5.529327393,,,,,,,
1432_7.png,34.58474874,0.968874097,28.91797543,0.933855236,5.666773319,,,,,,,
1432_8.png,34.36942101,0.967498481,28.18789005,0.929178894,6.181530952,,,,,,,
1432_9.png,33.52705956,0.965261102,27.80521154,0.926806569,5.721848011,,,,,,,
1433_1.png,36.26165867,0.975897491,32.66073942,0.954888344,3.600919247,6.071775675,FALSE,FALSE,FALSE,TRUE,FALSE,TRUE
1433_10.png,33.84552479,0.961359203,27.85093069,0.916371226,5.994594097,0.108337698,TRUE,,,,,
1433_2.png,36.87585831,0.975081205,32.03092813,0.951616645,4.844930172,,,,,,,
1433_3.png,36.97906256,0.975278318,31.10057831,0.94652617,5.878484249,,,,,,,
1433_4.png,36.49737835,0.973023653,30.10408163,0.94129169,6.393296719,,,,,,,
1433_5.png,36.48832321,0.97264421,29.70427513,0.937463939,6.78404808,,,,,,,
1433_6.png,36.06021881,0.970377088,29.05883551,0.932865798,7.001383305,,,,,,,
1433_7.png,35.58054686,0.967591524,28.6319375,0.929491937,6.948609352,,,,,,,
1433_8.png,35.20053625,0.967549682,28.44249725,0.924350202,6.758038998,,,,,,,
1433_9.png,34.71921682,0.964737296,28.20576429,0.921012342,6.51345253,,,,,,,
1434_1.png,31.58410549,0.98099339,25.44503927,0.953658998,6.139066219,9.181245089,FALSE,FALSE,FALSE,TRUE,FALSE,TRUE
1434_10.png,31.1909914,0.959870934,20.8545661,0.875359237,10.3364253,0.138840604,TRUE,,,,,
1434_2.png,32.59552002,0.979172647,24.67163563,0.947537124,7.923884392,,,,,,,
1434_3.png,31.81783199,0.975784779,23.78404856,0.938817143,8.033783436,,,,,,,
1434_4.png,32.33269453,0.974179149,23.11155796,0.929537177,9.22113657,,,,,,,
1434_5.png,32.54182339,0.971785426,22.79830217,0.922886372,9.743521214,,,,,,,
1434_6.png,32.40147114,0.969864726,22.5793457,0.915054321,9.822125435,,,,,,,
1434_7.png,32.17292547,0.966864109,22.09083796,0.905272365,10.08208752,,,,,,,
1434_8.png,31.95806742,0.96522367,21.61530495,0.894452751,10.34276247,,,,,,,
1434_9.png,31.46288395,0.961778641,21.29522562,0.884985924,10.16765833,,,,,,,
1435_1.png,38.85105848,0.986915946,35.93736649,0.975090384,2.913691998,3.538267851,FALSE,FALSE,FALSE,FALSE,TRUE,FALSE
1435_10.png,35.7119751,0.974028707,31.41088247,0.943400264,4.301092625,0.050224865,FALSE,,,,,
1435_2.png,38.54495764,0.985778689,35.3937149,0.972807407,3.151242733,,,,,,,
1435_3.png,38.18804502,0.984367311,34.99205112,0.970432281,3.1959939,,,,,,,
1435_4.png,37.7475071,0.982462287,34.46139336,0.96811378,3.286113739,,,,,,,
1435_5.png,37.38779306,0.98107332,34.02313948,0.966445088,3.364653587,,,,,,,
1435_6.png,36.80426359,0.979203582,33.57937098,0.962912023,3.224892616,,,,,,,
1435_7.png,36.58349991,0.978350103,33.00233603,0.958542049,3.581163883,,,,,,,
1435_8.png,36.45943165,0.977923989,32.3446393,0.951180577,4.114792347,,,,,,,
1435_9.png,36.14439249,0.976606131,31.89535141,0.946971357,4.24904108,,,,,,,
1436_1.png,37.35513926,0.985129476,33.09732676,0.974818707,4.2578125,3.836900711,FALSE,FALSE,FALSE,FALSE,TRUE,FALSE
1436_10.png,36.21157885,0.983442545,31.75146341,0.967300117,4.460115433,0.040283477,FALSE,,,,,
1436_2.png,36.95038557,0.986042619,33.12383652,0.974965453,3.826549053,,,,,,,
1436_3.png,36.55324459,0.986490607,33.06135893,0.974392295,3.491885662,,,,,,,
1436_4.png,36.5099144,0.986807704,33.0461669,0.974313915,3.463747501,,,,,,,
1436_5.png,36.24648571,0.986269474,32.91102648,0.973194003,3.335459232,,,,,,,
1436_6.png,36.4306736,0.985710979,32.87286043,0.972466946,3.557813168,,,,,,,
1436_7.png,36.21068001,0.985738456,32.60325193,0.971461773,3.607428074,,,,,,,
1436_8.png,36.57939672,0.984947205,32.47730494,0.970384479,4.102091789,,,,,,,
1436_9.png,36.42908812,0.983877361,32.16298342,0.968774319,4.266104698,,,,,,,
1437_1.png,36.69542313,0.984791636,31.76370144,0.965988159,4.931721687,4.600045919,FALSE,FALSE,FALSE,TRUE,FALSE,TRUE
1437_10.png,31.97962284,0.96032083,29.03964281,0.93914932,2.93998003,0.09023029,TRUE,,,,,
1437_2.png,36.18970633,0.982990384,30.71619034,0.961197853,5.473515987,,,,,,,
1437_3.png,35.75726748,0.981520355,30.4329586,0.958108902,5.324308872,,,,,,,
1437_4.png,35.37938595,0.97933954,29.719491,0.953517079,5.659894943,,,,,,,
1437_5.png,34.6660161,0.976905823,29.7514987,0.950738788,4.914517403,,,,,,,
1437_6.png,34.32406902,0.973797023,29.36479568,0.94764632,4.959273338,,,,,,,
1437_7.png,33.51205587,0.970246792,29.1125083,0.944932699,4.399547577,,,,,,,
1437_8.png,33.00129175,0.967192292,29.02111053,0.942615032,3.980181217,,,,,,,
1437_9.png,32.47041702,0.963523865,29.05289888,0.940098763,3.417518139,,,,,,,
1438_1.png,41.19519711,0.984849811,33.70407581,0.978779018,7.491121292,7.184240818,FALSE,FALSE,FALSE,FALSE,TRUE,FALSE
1438_10.png,39.68897343,0.981018186,33.01303387,0.972156703,6.67593956,0.023845079,FALSE,,,,,
1438_2.png,41.2169981,0.985316515,33.87666941,0.978514075,7.340328693,,,,,,,
1438_3.png,41.16772175,0.985320091,33.9302206,0.978449106,7.237501144,,,,,,,
1438_4.png,40.85416794,0.984591365,33.66878271,0.97801578,7.185385227,,,,,,,
1438_5.png,40.91938972,0.984454095,33.54779243,0.977295399,7.37159729,,,,,,,
1438_6.png,40.59444427,0.983613729,33.25062752,0.975892007,7.343816757,,,,,,,
1438_7.png,40.39042473,0.982890248,33.31231356,0.975248694,7.078111172,,,,,,,
1438_8.png,40.21438599,0.982554317,33.03480625,0.974562168,7.179579735,,,,,,,
1438_9.png,39.62855339,0.9812572,32.68952608,0.973222196,6.939027309,,,,,,,
1439_1.png,35.53406715,0.990334928,28.86782885,0.978372514,6.666238308,4.433800936,FALSE,FALSE,FALSE,TRUE,FALSE,TRUE
1439_10.png,32.63145924,0.985166013,28.40378284,0.969094753,4.227676392,0.092540202,TRUE,,,,,
1439_2.png,34.99864578,0.989824235,29.68104601,0.977710605,5.317599773,,,,,,,
1439_3.png,34.59118843,0.989307165,30.22431135,0.976986647,4.366877079,,,,,,,
1439_4.png,34.68192816,0.988870263,30.13433456,0.974892974,4.547593594,,,,,,,
1439_5.png,33.99748564,0.988229156,30.10593176,0.973837554,3.891553879,,,,,,,
1439_6.png,33.65624905,0.98758173,29.94910479,0.973481834,3.70714426,,,,,,,
1439_7.png,33.3955431,0.986983657,29.74925041,0.972117901,3.646292686,,,,,,,
1439_8.png,33.04769278,0.986314774,29.19605732,0.970735431,3.851635456,,,,,,,
1439_9.png,32.8764534,0.985669613,28.76105547,0.969528794,4.11539793,,,,,,,
1440_1.png,31.25479937,0.982479453,22.88913965,0.958099067,8.365659714,8.630131602,FALSE,FALSE,FALSE,TRUE,FALSE,TRUE
1440_10.png,27.7627492,0.965145946,21.31049871,0.930167198,6.452250481,0.102507291,TRUE,,,,,
1440_2.png,31.67810202,0.982572079,21.85269117,0.952418506,9.825410843,,,,,,,
1440_3.png,30.39458513,0.979428887,21.28816605,0.946647525,9.106419086,,,,,,,
1440_4.png,29.98690844,0.978047073,20.79206228,0.939836025,9.194846153,,,,,,,
1440_5.png,29.6971941,0.975767553,19.98947501,0.933050573,9.707719088,,,,,,,
1440_6.png,29.04279232,0.973336875,19.97901678,0.930456579,9.063775539,,,,,,,
1440_7.png,29.50037479,0.97234869,20.77011585,0.932625413,8.730258942,,,,,,,
1440_8.png,29.3786335,0.970997989,21.04944229,0.930592299,8.329191208,,,,,,,
1440_9.png,28.42582226,0.967320144,20.90003729,0.928634346,7.525784969,,,,,,,
1441_1.png,33.53013039,0.98526305,28.62675905,0.972345829,4.903371334,6.202712297,FALSE,FALSE,FALSE,FALSE,TRUE,FALSE
1441_10.png,31.45523548,0.977862477,24.22437906,0.941125274,7.230856419,0.071834403,FALSE,,,,,
1441_2.png,33.35067034,0.984464288,27.85997152,0.969514251,5.490698814,,,,,,,
1441_3.png,32.84655571,0.983478546,27.22326994,0.966150999,5.62328577,,,,,,,
1441_4.png,32.87579298,0.983666778,26.72777176,0.962882042,6.148021221,,,,,,,
1441_5.png,32.54918098,0.982747912,26.28724098,0.959250927,6.261940002,,,,,,,
1441_6.png,32.24022388,0.981553078,25.87375879,0.95609808,6.366465092,,,,,,,
1441_7.png,31.76123619,0.980041206,25.58646679,0.953164518,6.174769402,,,,,,,
1441_8.png,31.91465378,0.980169237,25.07341862,0.949351549,6.841235161,,,,,,,
1441_9.png,31.79805994,0.97870779,24.81158018,0.945754409,6.986479759,,,,,,,
1442_1.png,37.38801241,0.988940239,33.69469404,0.979285896,3.693318367,5.039968729,FALSE,FALSE,FALSE,FALSE,TRUE,FALSE
1442_10.png,33.76174212,0.97871846,28.06806803,0.960712433,5.693674088,0.068841811,FALSE,,,,,
1442_2.png,36.81328535,0.988123775,32.54543304,0.977511585,4.267852306,,,,,,,
1442_3.png,36.75736427,0.987432897,31.81586742,0.975162387,4.941496849,,,,,,,
1442_4.png,35.99275827,0.986406803,31.03711843,0.972225547,4.955639839,,,,,,,
1442_5.png,35.70858717,0.985610962,31.06024265,0.970400035,4.648344517,,,,,,,
1442_6.png,36.00455284,0.985082626,30.604918,0.96851033,5.399634838,,,,,,,
1442_7.png,34.7625947,0.983110905,29.51198339,0.965271652,5.250611305,,,,,,,
1442_8.png,35.3722477,0.983063221,29.54687357,0.96468544,5.825374126,,,,,,,
1442_9.png,34.54704762,0.98138082,28.82330656,0.962676644,5.723741055,,,,,,,
1443_1.png,37.02309847,0.987813652,33.10408831,0.971210659,3.919010162,5.031660557,FALSE,FALSE,FALSE,FALSE,TRUE,FALSE
1443_10.png,33.49045038,0.976377845,27.01345921,0.948139548,6.476991177,0.065440248,FALSE,,,,,
1443_2.png,36.97068453,0.986706436,32.17947006,0.968681276,4.791214466,,,,,,,
1443_3.png,36.44951582,0.985834241,31.49801016,0.966029406,4.951505661,,,,,,,
1443_4.png,35.69289446,0.98503679,31.08613491,0.964242578,4.606759548,,,,,,,
1443_5.png,34.98201609,0.983105361,30.25783539,0.961348295,4.724180698,,,,,,,
1443_6.png,34.88941908,0.982076049,29.71043587,0.959111929,5.178983212,,,,,,,
1443_7.png,34.18259382,0.980605721,29.11878824,0.957418859,5.06380558,,,,,,,
1443_8.png,33.85704279,0.978659153,28.65217686,0.95595324,5.204865932,,,,,,,
1443_9.png,33.52310658,0.977565467,28.12381744,0.952968836,5.399289131,,,,,,,
1444_1.png,40.73870182,0.987509191,36.10435009,0.977633953,4.63435173,4.932217836,FALSE,FALSE,FALSE,FALSE,TRUE,FALSE
1444_10.png,37.03076839,0.979958296,32.00472116,0.951770663,5.02604723,0.014642095,FALSE,,,,,
1444_2.png,40.48226357,0.987077892,35.72299242,0.976043403,4.759271145,,,,,,,
1444_3.png,40.3708601,0.986484051,35.44174433,0.974032342,4.929115772,,,,,,,
1444_4.png,39.87814188,0.985663116,34.82199669,0.97036761,5.056145191,,,,,,,
1444_5.png,39.2812252,0.985188186,34.35375929,0.969250083,4.927465916,,,,,,,
1444_6.png,38.88829708,0.984499216,33.87179136,0.966062784,5.016505718,,,,,,,
1444_7.png,38.32686424,0.982834935,33.41338396,0.96272409,4.913480282,,,,,,,
1444_8.png,38.08033466,0.982700944,32.94184446,0.959222734,5.1384902,,,,,,,
1444_9.png,37.52203941,0.981047153,32.60073423,0.955324054,4.92130518,,,,,,,
1445_1.png,36.88395739,0.986707091,30.45456171,0.97051692,6.429395676,4.512910128,FALSE,FALSE,FALSE,TRUE,FALSE,TRUE
1445_10.png,32.37060785,0.974434972,28.61362934,0.948462725,3.756978512,0.086252202,TRUE,,,,,
1445_2.png,35.91540337,0.985313654,30.3683877,0.968169391,5.547015667,,,,,,,
1445_3.png,35.39839506,0.98411864,30.56210756,0.965617657,4.836287498,,,,,,,
1445_4.png,34.79413509,0.982620895,30.34733772,0.963015556,4.446797371,,,,,,,
1445_5.png,34.15243387,0.981038988,30.13931513,0.961023688,4.013118744,,,,,,,
1445_6.png,33.95963192,0.979772747,29.83173609,0.958753109,4.127895832,,,,,,,
1445_7.png,33.38835001,0.978197455,29.58618402,0.95646143,3.802165985,,,,,,,
1445_8.png,33.23757648,0.977170348,29.11439896,0.953112125,4.123177528,,,,,,,
1445_9.png,32.904737,0.97600913,28.85846853,0.950753391,4.046268463,,,,,,,
1446_1.png,36.02725983,0.983990312,30.36062241,0.966405392,5.666637421,5.089128733,FALSE,FALSE,FALSE,FALSE,TRUE,FALSE
1446_10.png,31.58910513,0.965266228,27.81028271,0.933998466,3.778822422,0.067371941,FALSE,,,,,
1446_2.png,35.05792379,0.98234576,29.71692562,0.962598324,5.340998173,,,,,,,
1446_3.png,34.79013681,0.980945528,29.21787739,0.958831966,5.572259426,,,,,,,
1446_4.png,34.37794685,0.979217231,28.84933233,0.954614282,5.528614521,,,,,,,
1446_5.png,34.05050278,0.977245092,28.4591794,0.950732708,5.591323376,,,,,,,
1446_6.png,33.55166674,0.975221634,28.23173523,0.947303891,5.319931507,,,,,,,
1446_7.png,33.1644392,0.973064125,27.8909564,0.943410337,5.2734828,,,,,,,
1446_8.png,32.63723135,0.970850646,27.8523159,0.940421999,4.784915447,,,,,,,
1446_9.png,31.93663359,0.968195617,27.90233135,0.937093437,4.034302235,,,,,,,
1447_1.png,32.62094021,0.979070365,29.22010899,0.959810436,3.400831223,3.814891815,FALSE,FALSE,FALSE,FALSE,TRUE,FALSE
1447_10.png,29.37037945,0.957925498,26.28349781,0.926951587,3.086881638,0.044163292,FALSE,,,,,
1447_2.png,32.28720188,0.97706151,28.68924856,0.95603168,3.59795332,,,,,,,
1447_3.png,32.18046665,0.976020992,28.01204205,0.952283561,4.168424606,,,,,,,
1447_4.png,31.87550068,0.974113226,27.49953747,0.948136985,4.375963211,,,,,,,
1447_5.png,31.45240307,0.971697807,27.23066092,0.944720626,4.221742153,,,,,,,
1447_6.png,31.17434978,0.969286621,26.92929506,0.941493869,4.245054722,,,,,,,
1447_7.png,30.60554504,0.966030836,26.63452864,0.93728745,3.971016407,,,,,,,
1447_8.png,30.18161297,0.963341475,26.49692297,0.933427811,3.684689999,,,,,,,
1447_9.png,29.73091125,0.960333705,26.33455038,0.930544734,3.396360874,,,,,,,
1448_1.png,34.9466753,0.984494567,29.44363594,0.963361681,5.50303936,2.488574505,TRUE,TRUE,FALSE,FALSE,FALSE,TRUE
1448_10.png,29.03803587,0.965315044,28.57069969,0.938838005,0.467336178,0.174597103,TRUE,,,,,
1448_2.png,34.32778358,0.982713938,29.54086065,0.9599244,4.786922932,,,,,,,
1448_3.png,33.59391451,0.980692089,29.5877552,0.957331777,4.006159306,,,,,,,
1448_4.png,32.52882957,0.978619277,29.72422361,0.955511093,2.804605961,,,,,,,
1448_5.png,31.79170847,0.976528287,29.57734585,0.953307986,2.214362621,,,,,,,
1448_6.png,31.20488167,0.974157512,29.46745157,0.95082891,1.737430096,,,,,,,
1448_7.png,30.53535461,0.972213924,29.20041323,0.947904587,1.334941387,,,,,,,
1448_8.png,30.43241501,0.970542908,29.0511179,0.944993854,1.381297112,,,,,,,
1448_9.png,29.42743301,0.967795253,28.77778292,0.942164838,0.649650097,,,,,,,
1449_1.png,33.77971172,0.9836936,30.72455406,0.969147384,3.055157661,2.575913906,TRUE,FALSE,TRUE,FALSE,FALSE,FALSE
1449_10.png,29.14175272,0.96569562,27.10547447,0.940391481,2.036278248,0.032520628,FALSE,,,,,
1449_2.png,33.20360422,0.982437015,30.17313957,0.965711594,3.030464649,,,,,,,
1449_3.png,32.64931917,0.980257034,29.86370325,0.962889075,2.785615921,,,,,,,
1449_4.png,32.08272934,0.978991687,29.41656351,0.960085034,2.666165829,,,,,,,
1449_5.png,31.64049864,0.977593124,29.04662848,0.956571043,2.593870163,,,,,,,
1449_6.png,30.90696096,0.974848986,28.58268261,0.953401029,2.324278355,,,,,,,
1449_7.png,30.40930986,0.973082542,28.00644159,0.949490428,2.402868271,,,,,,,
1449_8.png,30.30508041,0.971080661,27.73623943,0.945912957,2.568840981,,,,,,,
1449_9.png,29.68000412,0.968917847,27.38440514,0.943455637,2.295598984,,,,,,,
